"Qty";"Value";"Device";"Package";"Parts";"Description";"COPYRIGHT";"DIGI-KEY_PART_NUMBER_1";"DIGI-KEY_PART_NUMBER_2";"DIGI-KEY_PART_NUMBER_3";"MANUFACTURER_PART_NUMBER";"MFR_NAME";
"1";"";"JACDAC-M3-DATA";"M3-HOLE-DATA";"J1";"Jacdac mounting Hole M3";"";"";"";"";"";"";
"2";"";"JACDAC-M3-GND";"M3-HOLE-GND";"J3, J4";"Jacdac mounting Hole M3";"";"";"";"";"";"";
"1";"";"JACDAC-M3-PWR";"M3-HOLE-PWR";"J2";"Jacdac mounting Hole M3";"";"";"";"";"";"";
"1";"150";"RESISTOR-0603";"0603";"R3";"Resistors";"";"";"";"";"";"";
"2";"220";"RESISTOR-0603";"0603";"R2, R4";"Resistors";"";"";"";"";"";"";
"1";"33pF";"CAP_CERAMIC-0603";"0603";"C3";"Ceramic Capacitors";"";"";"";"";"";"";
"2";"4.7uF";"CAP_CERAMIC-0603";"0603";"C1, C2";"Ceramic Capacitors";"";"";"";"";"";"";
"1";"470";"RESISTOR-0603";"0603";"R1";"Resistors";"";"";"";"";"";"";
"1";"800mA 1kR";"FERRITE-BEAD-0603-NO";"0603-NO";"FB1";"Ferrite Beads";"";"";"";"";"";"";
"1";"ADAFRUIT_FEATHERWING_NODIM";"ADAFRUIT_FEATHERWING_NODIM";"ADAFRUIT_FEATHERWING_DIM";"MS1";"";"";"";"";"";"";"";
"1";"APL3511D";"APL3511D";"SOT23-5";"U2";"";"";"";"";"";"";"";
"1";"BAT54S,235-23-3";"BAT54S,235-23-3";"SOT23-3";"U1";"BAT54S,235 Schottky Diode";"";"";"";"";"";"";
"1";"C2480";"DIODE-SCHOTTKY-DO214AC";"DO214AC";"D4";"";"";"";"";"";"";"";
"1";"FM-B2020RGBA";"LED-RGB-2121-CA";"LED-RGB-2121";"D3";"RGB LED, common anode";"";"";"";"";"";"";
"2";"JACDAC-EDGE-INNIE";"JACDAC-EDGE-INNIE";"JD-EDGE-INNIE";"JD1, JD2";"";"";"";"";"";"";"";
"1";"MILADOR-JACDAC-DEVICE-JACDAPTOR-WING";"MILADOR-JACDAC-DEVICE-JACDAPTOR-WING";"JACDAPTOR-FEATHERWING";"LABEL_DEVICE";"";"";"";"";"";"";"";
"1";"MILADOR-LOGO-SM";"MILADOR-LOGO-SM";"MILADOR_LOGO2";"LABEL_LOGO";"";"";"";"";"";"";"";
"1";"MILADOR-QR-CODE-JACDAC-FEATHERWING";"MILADOR-QR-CODE-JACDAC-FEATHERWING";"MILADOR_QR_JACDAC_FEATHERWING";"LABEL_QR_CODE";"";"";"";"";"";"";"";
"1";"MMC_LOGO-XSM";"MMC_LOGO-XSM";"MMC_X-SMALL_LOGO";"LABEL_MMC";"";"";"";"";"";"";"";
"2";"RCLAMP0521PATCT";"DIODE-ZENER-AA-RCLAMP0521PATCT";"DIODE-ZENER-0402";"D1, D2";"";"Copyright (C) 2021 Ultra Librarian. All rights reserved.";"RCLAMP0521PACT-ND";"RCLAMP0521PADKR-ND";"RCLAMP0521PATR-ND";"RCLAMP0521PATCT";"Semtech";
"1";"STM32G030F8P6";"STM32G030F8P6";"SOP65P640X120-20N";"IC1";"STM32G030F6P6 TSSOP-20";"";"";"";"";"";"";
"1";"SWD-ADAPTER-";"SWD-ADAPTER-";"SWD-ADAPTER";"J5";"";"";"";"";"";"";"";
